{"cameraMode":{"drawMode":0,"name":"Shaded","section":"Shading Mode"},"sceneLighting":false,"audioPlay":false,"sceneViewState":{"showFog":true,"showMaterialUpdate":false,"showSkybox":false,"showFlares":true,"showImageEffects":true,"showParticleSystems":true},"in2DMode":false,"pivot":{"x":859.7880249023438,"y":1.0290000438690186,"z":739.9439697265625},"rotation":{"x":0.12160539627075196,"y":-0.7010172605514526,"z":0.12322288751602173,"w":0.6918218731880188},"size":4.720142841339111,"orthographic":false}